Rank,Industry,Sector,Relative Strength,Percentile,1 Month Ago,3 Months Ago,6 Months Ago,Tickers
1,Utilities - Renewable,Utilities,155.58,99,99,99,99,"ENLT,VGAS"
2,Uranium,Energy,133.63,99,99,56,22,"UEC,URG,LEU,CCJ,EU,NXE,DNN,UROY,UUUU"
3,Thermal Coal,Energy,128.14,98,98,70,75,"HNRG,CEIX,ARCH,NRP,ARLP,BTU,NC"
4,Coking Coal,Basic Materials,118.41,98,98,86,64,"AMR,METC,HCC,SXC,AREC"
5,Business Equipment & Supplies,Industrials,110.62,97,94,63,43,"SCS,HNI,EBF,ACCO,AVY"
6,Oil & Gas Midstream,Energy,109.29,96,90,72,85,"NGL,FRO,LPG,TNK,TK,OSG,DHT,ETRN,EURN,INSW,TNP,HEP,AM,PAA,STNG,TRMD,PAGP,TRGP,SMLP,CQP,ET,GPP,ENLC,GEL,CEQP,KNTK,EPD,WMB,NVGS,LNG,DTM,HESM,MPLX,OKE,NS,FLNG,GLP,DKL,WES,VNOM,GLNG,BROG,KMI,PBA,DLNG,PBT,ENB,TRP,MMLP,MARPS,BANL"
7,Engineering & Construction,Industrials,109.15,96,95,91,83,"MTRX,LMB,ORN,STRL,ESOA,IESC,ROAD,EME,AGX,PRIM,APG,AENZ,J,FIX,FLR,KBR,GLDD,WLDN,STN,MYRG,BLD,PWR,TTEK,TPC,ACM,GVA,BBCP,NVEE,DY,VATE,SLND,MTZ,ENG,AMRC,BLNK,AGFY"
8,Oil & Gas Integrated,Energy,107.9,95,92,76,90,"EC,PBR,E,EQNR,IMO,SHEL,BP,TTE,TGS,CVE,SU,YPF,XOM,SLNG,CVX,NFG"
9,Insurance—Life,Financial Services,107.54,94,88,79,71,"NWLI,VERY,MDWT,FG,CIA,AEL,AFL,PRI,GNW,UNM,JXN,GL,CNO,PRU,MFC,MET,BHF,BHFAP,BHFAM,BHFAO,AAME,BHFAN,PUK,LNC"
10,Industrial Distribution,Industrials,107.19,94,93,93,92,"DSGR,EVI,GIC,TRNS,AIT,CNM,FERG,GWW,FAST,WSO,DXPE,MSM,SITE,POOL,WCC,TITN"
11,Oil & Gas Equipment & Services,Energy,106.84,93,97,90,62,"GEOS,PFIE,NR,WFRD,FTI,TDW,TTI,AROC,NGS,LBRT,HLX,USAC,RNGR,OII,NOA,BKR,SND,PUMP,CCLP,AESI,HAL,SLB,OIS,TS,WHD,RES,SLCA,VAL,VTOL,BOOM,DWSN,CLB,CHX,SOI,NOV,DNOW,DRQ,MRC,WTTR,KLXE,FET,XPRO,FTK,SDPI,NCSM,ENSV,NINE,ACDC,EFXT,RCON"
12,Infrastructure Operations,Industrials,106.51,92,92,96,96,"VRRM,ACA"
13,Shell Companies,Financial Services,105.09,92,75,50,84,"ASPAU,ASPA,FRBNU,FRBN,SYM,ACAX,MTRYW,SMAPU,CFFEU,TRCA,AMAOU,CFFE,ADRT,ACBAU,TGVCU,ACAHU,DHACU,HNRA,ROSEU,TRONU,AOGOU,PPHPU,ROSE,ONYXU,EMLDU,MBTC,ASCB,BRLIU,AIB,IGTAU,TETE,IVCPU,VSACU,MTAL,BCSAU,TENKU,DMAQ,TGVC,COOL,NOVV,NOVVU,TRON,HHGC,CHAA,LHC,HCMAU,IXAQU,VSAC,DHAC,ESAC,KACL,APXIU,RACYU,ACBA,ALSAU,OHAAU,IXAQ,PRPC,RMGCU,GDNRU,BRACU,MCAAU,AEAEU,ENCP,OSI,PRSR,PRSRU,ACAXU,VMCA,MACA,ALSA,HCMA,ATMCU,ALOR,NRACU,ESACU,JWSM,NCAC,ADOC,IMAQ,SHUA,CSTA,CHEAU,MAQC,IFIN,FRLAU,LATGU,CCTSU,ALORU,EACPU,LCAAU,ROSS,APAC,DISA,MCAA,HHGCU,TGAA,RCFA,ARYD,ATEK,EVGR,MCAC,MCACU,TLGY,ACAH,BRAC,INTEU,GPAC,PGSS,WWAC,EAC,TGAAU,BRLI,FATP,LIBYU,GMFIU,GAQ,RCAC,MSSA,WAVS,AIBBU,FNVT,USCTU,NRAC,BYNO,FTIIU,APXI,LATG,LBBB,RMGC,DISAU,EGGF,SAGA,NVAC,FTII,PEPL,SLAMU,APACU,OXUS,DECAU,SHAP,FNVTU,IVCAU,RACY,DHCAU,IMAQU,FHLT,GAMC,PWUP,PACI,NETC,CCTS,GMFI,PLAO,PMGM,SLAM,WEL,CLAY,LIVB,GLLI,NUBI,OCAXU,ATAK,CLRC,RRAC,WINV,PTWOU,SEDA,EMCGU,DECA,IRRX,CLINU,WINVU,XPDB,ROCLU,IVCBU,SZZLU,RENEU,WAVSU,ATMC,IVCB,QFTA,GLLIU,APCA,CSLM,FRLAW,WTMAU,APTMU,ASCA,GPACU,HAIA,VHAQ,DUET,USCT,SGII,TRIS,MCAGU,MITA,RWODU,LCW,PTWO,CLAYU,SAGAU,IGTA,APTM,MNTN,BRD,DHCA,SGIIU,AQU,CBRG,ACACU,IVCA,PEPLU,INTE,NFYS,PLMI,PLMIU,HUDAU,BCSA,RFAC,COOLU,ADEX,APGB,HAIAU,SKGR,TLGYU,RENE,VCXA,AFARU,LCAA,ATMVU,FLFV,CHEA,PLAOU,PHYT,TETEU,CNDB,MITAU,TCOA,ARIZ,BFAC,CFFS,CMCAU,BWAQ,LGST,TWOA,OPA,PUCK,ATAKU,PLTNU,WTMA,RWOD,FRLA,LIVBU,QOMO,ROCL,SZZL,CPTK,CFIV,GDNR,PPHP,SVII,HUDA,DPCSU,ITAQ,PRLH,SCRM,GHIX,VIIAU,CLIN,FLME,FIAC,LIBY,BNIX,RCACU,DSAQ,GLSTU,OXUSU,ARTEU,CBRGU,KYCH,RFACU,HHLA,ASCBU,PRLHU,VCXAU,AACIU,LBBBU,BLEUU,CLOE,ONYX,LCA,XFIN,ARIZU,KRNL,CMCA,MBAC,TRTL,BLEU,BYTS,BOCN,CFIVU,GDST,PUCKU,CITEU,GIA,LCAHU,PEGRU,EVE,AACI,HSPOU,AFAR,DPCS,HSPO,NUBIU,CDAQ,SKGRU,YOTAU,ACAC,ARTE,GHIXU,SMAP,KACLU,LGSTU,OHAA,FICVU,FLFVU,MTRY,VCXB,GLST,WNNR,YOTA,PMGMU,SVIIU,TWLVU,XFINU,QOMOU,VII,SCRMU,CCVI,CNGLU,FHLTU,BRKH,MCAG,ATMV,IVCP,AOGO,HCVIU,PPYA,PWUPU,NBSTU,OTEC,ACAB,HCVI,CLOEU,FIACU,NBST,DMYY,PFTA,ARRWU,FRXB,KRNLU,CSLMU,BLUA,LOCC,CITE,BYN,DUNEU,OCAX,FEXD,MACAU,CVII,CNGL,CDAQU,EMLD,LGVC,SUAC,NCACU,TWLV,TBCPU,DUNE,ENER,GBBK,NPAB,AVHIU,BRKHU,PEGR,BMAC,AEAE,KNSW,PFTAU,GATE,PBAX,ENERU,WWACU,DUETU,IPVF,ACRO,FICV,HWELU,AIMAU,XPDBU,SWSS,PORT,SHUAU,BHACU,MAQCU,JAQC,CONX,GATEU,BOCNU,ARRW,GDSTU,ISRLU,WRAC,TBCP,THCP,CNDA,OTECU,FEXDU,ACABU,BWAQU,FSRX,BHAC,KCGI,ALCC,AMAO,GTAC,SWSSU,PPYAU,BREZ,KVSA,GTACU,DWACU,NPABU,CFFSU,EVGRU,NSTB,SLAC,JAQCU,AVHI,BACA,ALTUU,BITE,HWEL,MBTCU,IRAA,GAMCU,SLACU,ALTU,IRAAU,ITAQU,AQUNU,CONXU,BOAC,OLIT,MSSAU,THCPU,OLITU,CLRCU,VAQC,BYTSU,KYCHU,LGVCU,GSDWU,FATPU,PBAXU,FSRXU,ENCPU,MTRYU,BYNOU,MOBVU,VMCAU,AAC,ASCAU,DWAC,MCAFU,GRNT,MOBV,IOACU,MCAF,IOAC,LIBYW,TGVCW,JGGCU,JGGC,SWAG,CLINW,DKDCA,DKDCU,GATEW,AGBA,RENEW"
14,Electronics & Computer Distribution,Technology,104.23,91,90,88,60,"IZM,NSIT,CNXN,CLMB,AVT,SCSC,SNX,ARW,TAIT,SNPO,AEY"
15,Insurance—Property & Casualty,Financial Services,103.83,90,77,53,63,"HRTG,KNSL,SKWD,ROOT,GBLI,KINS,PGR,HCI,UVE,ALL,ARGO,MKL,SIGI,L,WRB,CNA,CB,RLI,AXS,DGICA,SAFT,WTM,HMN,PRA,CINF,MCY,THG,STC,DGICB,TRV,NODK,SIGIP,AFG,PLMR,KMPR,HGTY,UFCS,CNFR,LMND,HALL"
16,Residential Construction,Consumer Cyclical,103.51,90,96,99,99,"MHO,BZH,DFH,PHM,TOL,GRBK,KBH,TPH,HOV,NVR,TMHC,DHI,MTH,LEN,CCS,CVCO,MDC,SKY,LEGH,LGIH"
17,Insurance—Reinsurance,Financial Services,103.32,89,79,54,89,"SPNT,RNR,GLRE,RGA,OXBR,BNRE,MHLD"
18,Utilities—Independent Power Producers,Utilities,102.76,88,83,69,67,"VST,PAM,NRG,TAC,KEN"
19,Insurance Brokers,Financial Services,102.62,88,73,87,88,"EHTH,ERIE,SLQT,AJG,GOCO,BRO,MMC,FANH,AON,WTW,CRVL,HUIZ,BRP,TIRX,RELI"
20,Lodging,Consumer Cyclical,102.24,87,87,78,90,"LUXH,SHCO,IHG,MAR,HLT,GHG,WH,ATAT,H,CHH,HTHT,INTG,SOND"
21,Insurance—Diversified,Financial Services,100.23,86,80,62,91,"GSHD,IGIC,ACGL,ORI,ESGRP,AIG,HIG,ESGR,AEG,ESGRO,EQH,ACGLO,ACGLN,SLF,FGFPP,PFG,FGF,WDH"
22,USA,--- Reference ---,100.21,86,73,49,66,"BNKD,FNGU,FNGO,AMUB,AMJ,ATMP,MLPB,DGP,MARXU,BAR,TENK,EMCG,BDCZ,PLTN,MARX,ISRL,BLACU,PTHRU,DLY,GLDI,UCIB,DGZ,SPY,DJP,USOI,GRN,DZZ,NRGU,VXZ,ASGI,SLVO,NRGD,VXX,FNGD,NMCO,SMHB,PFFL,BNKU"
23,Oil & Gas Refining & Marketing,Energy,99.86,85,91,84,45,"UGP,PARR,MPC,SUN,CAPL,PBF,DINO,PSX,CVI,VLO,DK,SGU,CSAN,AMTX,AE,VVV,CLNE,VTNR,BPT"
24,Marine Shipping,Industrials,99.83,84,83,26,15,"GLBS,SMHI,GASS,NAT,ESEA,PSHG,MATX,NM,SFL,DAC,SHIP,CLCO,KEX,ASC,SB,EDRY,NETI,PXSAP,PANL,CPLP,GSL,SBLK,GNK,CMRE,GOGL,KNOP,DSX,NMM,EGLE,PXS,GRIN,USEA,OP,TORO,CACO,CTRM,TOPS,ZIM"
25,Financial Data & Stock Exchanges,Financial Services,99.78,84,77,52,65,"CBOE,CME,MORN,FDS,ICE,MCO,SPGI,MSCI,NDAQ,DNB,VALU"
26,Oil & Gas E&P,Energy,98.56,83,86,44,35,"VIST,ESTE,GPOR,PR,HHRS,VTS,RRC,CKX,PNRG,CNX,SWN,OBE,SM,CRC,EQT,CHRD,CIVI,SBOW,FANG,BSM,TPL,PHX,BRY,CNQ,NOG,AR,MUR,OVV,CTRA,CPG,KOS,PXD,ERF,HES,COP,MTDR,MRO,CHK,CRGY,BTE,DMLP,EOG,DEN,EGY,MXC,KRP,CPE,APA,VOC,CRK,OXY,MGY,VET,IMPPP,SD,VTLE,MVO,BRN,EPSN,PED,TALO,AMPY,HPK,REPX,TXO,WDS,EPM,GPRK,CRT,SJT,DVN,PRT,CLMT,NRT,WTI,SBR,USEG,NEXT,REI,PVL,HUSA,EP,MTR,GTE,INDO,BATL,IMPP,VIVK,TELL,CEI"
27,Software - Infrastructure,Technology,98.46,83,5,0,0,"ALAR,HUBC"
28,Building Materials,Basic Materials,98.02,82,81,95,95,"USLM,BCC,CRH,CX,MLM,VMC,SUM,JHX,EXP,CPAC,TGLS,SMID,LOMA,RETO"
29,Banks—Diversified,Financial Services,97.85,81,86,77,81,"NU,MUFG,SMFG,BBVA,UBS,SAN,HSBC,JPM,ING,WFC,TD,EWBC,C,BMO,NTB,BCS,CM,BNS,RY,BAC,NWG"
30,Banks,Financial Services,97.32,81,57,27,74,"BANFP,BPOPM,PFH"
31,Semiconductor Equipment & Materials,Technology,96.56,80,88,96,84,"ACMR,CAMT,TRT,ONTO,ACLS,OLED,KLAC,VECO,AMAT,LRCX,ENTG,AEHR,PLAB,ASML,NVMI,INTT,TER,COHU,KLIC,ATOM,ICHR,IPGP,XPER,UCTT,ASYS,AMBA,INDI,TGAN,AXTI,DQ"
32,Utilities—Regulated Electric,Utilities,95.18,79,32,39,86,"GNE,ENIC,EDN,VIASP,CEPU,PEG,FTS,PNW,EXC,ED,EIX,SO,DUK,PCG,CNP,FE,NGG,PNM,OGE,LNT,CMS,IDA,AEE,XEL,WEC,ETR,EBR,PPL,DTE,AEP,POR,EVRG,KEP,AGR,NEE,ES,D,VIA"
33,Oil & Gas Drilling,Energy,95.18,79,96,97,67,"RIG,NE,DO,SDRL,BORR,HP,PDS,PTEN,NBR,ICD"
34,Medical Distribution,Healthcare,94.92,78,62,58,80,"MCK,CAH,PDCO,PBH,GEG,HSIC,OMI,ZYXI"
35,Insurance—Specialty,Financial Services,94.85,77,75,48,70,"AIZ,NMIH,MTG,TIPT,RYAN,ACT,ESNT,RDN,AGO,FNF,ICCH,AMSF,EIG,FAF,ITIC,AMBC,JRVR,MBI,TRUP,HIPO"
36,Consulting Services,Industrials,94.55,77,65,75,73,"FCN,HURN,BAH,VRSK,ICFI,BWMN,CRAI,EXPO,FC,EFX,RGP,FORR,GRNQ,TRU,EPOW"
37,Steel,Basic Materials,94.45,76,89,85,75,"USAP,X,ZEUS,PKX,RS,TMST,MSB,TX,STLD,SIM,CLF,NUE,ASTL,GGB,ACNT,CMC,FRD,MT,SID,ZKIN,HUDI"
38,Grocery Stores,Consumer Defensive,94.26,75,45,12,47,"SFM,NGVC,VLGEA,ACI,KR,IMKTA,DNUT,MF,GO,WMK,ASAI,DDL"
39,Utilities—Regulated Water,Utilities,94.17,75,44,46,78,"CWCO,CDZIP,SBS,PCYO,AWR,CWT,YORW,CDZI,SJW,ARTNA,AWK,GWRS,MSEX,WTRG,ARIS"
40,Tools & Accessories,Industrials,93.66,74,46,56,68,"PFIN,SCX,SNA,LECO,RBC,RBCP,EML,SWK,TKR,KMT,TTC,HLMN,CVR,TBLT"
41,Drug Manufacturers—General,Healthcare,93.5,73,56,35,86,"LLY,AMGN,SNY,GSK,GILD,MRK,ABBV,NVS,AZN,GRFS,JNJ,BIIB,BMY,PFE,OGN,SCLX"
42,Mortgage Finance,Financial Services,93.33,73,85,92,71,"COOP,VEL,GHLD,CNF,PFSI,UWMC,SNFCA,IOR,GHI,RKT,ECPG,WD,OCN,LDI"
43,Rental & Leasing Services,Industrials,93.24,72,78,94,82,"FTAI,TGH,PRG,FTAIP,FTAIO,FTAIN,MGRC,URI,R,AER,HEES,WLFC,GATX,HRI,AL,WSC,UHAL,CTOS,CAR,FPAY,ALTG,AAN,HTZ,MPU"
44,Electronic Components,Technology,93.18,71,58,73,37,"MPTI,DAKT,ELTK,CLS,JBL,FN,LYTS,BELFB,FLEX,OSIS,BELFA,LPTH,MTEK,APH,PLXS,LGL,BHE,LINK,CTS,TEL,SANM,CPSH,KOPN,LFUS,DSWL,GLW,TTMI,OST,DAIO,SGMA,NSYS,ROG,RELL,VIAO,VICR,MEI,OUST,REFR,IMTE,MMAT,WBX,KULR,TMPO,NEON,HOLO"
45,Specialty Industrial Machinery,Industrials,93.03,71,74,75,81,"PKOH,GTEC,GHM,TAYD,GE,PSN,CSWI,SXI,CR,THR,ETN,TWIN,EPAC,FLS,SPXC,KAI,AOS,PH,GRC,ROP,AMSC,ITT,PNR,WTS,IR,GGG,TNC,NPO,EMR,HWM,AME,CYD,DCI,FELE,ITW,JBT,DOV,MWA,OTIS,GTLS,NDSN,ROK,CMI,MIR,IEX,HLIO,GTES,XYL,HURC,HI,RRX,MIDD,B,OFLX,BWEN,CVV,ENOV,CETY,JCSE,GNRC,BLDP,XMTR,LXFR,SHPW,KRNT,PYR,BW,LASE,TPIC,BURU"
46,Gambling,Consumer Cyclical,92.83,70,82,71,56,"NGMS,DKNG,GAMB,LNW,AGS,SGHC,GMBLP,ACEL,CDRO,IGT,CHDN,RSI,CPHC,INSE,EVRI,GAN,SBET,GMBL"
47,n/a,n/a,92.33,69,53,36,59,"COOLW,LIXTW,GREEL,BKDT,MLPO,GEGGL,DHCNI,AQNB,CHKEZ,AQNA,ARBKL,SEPAU,SEPA,CYTHW,TMTCU,CHKEW,FBGX,QDROU,GJS,GJT,GECCM,GSD,ATCOL,GJO,EFHT,GJH,GECCO,CETUU,JHAA,AMTR,DCF,QDRO,AIC,CHKEL,FORLU,PFXNZ,CETU,BLAC,RCC,AJXA,AAIN,FTAIM,GJP,SCCG,SCCD,OXSQL,ATLCL,GAINZ,SACC,ECCX,HNNAZ,HROWM,OFSSH,TRINL,SCCF,SCCC,ECCW,HTFB,OXLCZ,ECCV,HTFC,ZIONL,SCCB,EICA,SBBA,NEWTL,NSS,OXSQZ,LIFWW,SAY,RCB,TVC,MHNC,RILYO,RWAYZ,FINS,METCL,SCCE,FCRX,SAT,SSSSL,RILYK,PYT,SAJ,RWAYL,HPKEW,ZJYL,HCXY,RZB,EIC,OXSQG,RZC,RILYM,KTH,RILYG,ARGD,OXLCL,PAVS,HROWL,GUG,WUCT,RILYN,PRH,KTN,NEWTZ,CMSC,UZE,CMSD,CSSEN,KMPB,TFSA,UZF,AIZN,OTECW,PRS,DTW,AFGB,MHLA,UZD,TPTA,RSF,AFGE,PACWP,CGABL,OPINL,DUKB,AFGC,TBC,SNCRL,SDHY,AFGD,CUBB,NRUC,GPJA,HWCPZ,DTG,RILYZ,CMSA,TBB,AEFC,SOJD,BNH,SREA,UNMA,BNJ,WDI,RILYT,BEPI,SOJE,NMAI,SOJC,BIPH,BWNB,JPT,DTB,FOSLL,INBKZ,BEPH,MGRD,IHTA,BWSN,MIO,KKRS,ENO,MGRB,BHFAL,RMMZ,NDMO,BIPI,MGR,RFMZ,ASBA,NPCT,RFM,CTDD,HUDAR,BPYPM,CLINR,YGF,ALTUW,QVCC,RNWWW,QVCD,CFIVW,EOSEW,BHM,NLSPW,CCLDO,TMCWW,HLP,CCLDP,LUCYW,CATX,IINNW,VSSYW,TELZ,BNMV,SEATW,AMPGW,ZFOXW,BDRX,MYPSW,SKGRW,SHCRW,EVGOW,ARQQW,LIDRW,TBLTW,NIR"
48,REIT—Healthcare Facilities,Real Estate,92.05,69,50,57,36,"DHC,CTRE,OHI,WELL,SBRA,STRW,GMRE,NHI,VTR,LTC,UHT,CHCT,DOC,PEAK,HR,HTIBP,HTIA,MPW"
49,Apparel Retail,Consumer Cyclical,91.9,68,59,29,20,"ANF,AEO,CHS,JILL,GPS,URBN,GES,CTRN,LULU,TJX,DBI,ROST,TLYS,BKE,SCVL,ONON,HIBB,CRI,BOOT,PLCE,ZUMZ,CATO,LVLU,SFIX,GCO,DXLG,DLTH,VSCO,BURL,CURV,FL,EXPR,BIRD,RENT,DBGI"
50,Aerospace & Defense,Industrials,91.84,67,41,80,49,"SIF,ACHR,SKYH,EH,OPXS,KTOS,DRS,SWBI,AVAV,CDRE,BWXT,POWW,WWD,AXON,CW,VVX,AIR,TDG,PKE,VSEC,TATT,ERJ,GD,TXT,ATRO,NOC,POWWP,NPK,RGR,HII,LMT,ESLT,CAE,DCO,HEI,BYRN,BA,HXL,ISSC,CVU,RDW,EVEX,LHX,RTX,CODA,MRCY,ASTC,RKLB,AZ,KAMN,VTSI,AIRI,SPR,KITT,IVAC,TGI,LILMW,LILM,DPRO,KWE,PL,LLAP,EVTL,SPCE,SIDU,LUNR,MNTS,ASTR,AULT"
51,Specialty Business Services,Industrials,91.75,67,49,40,29,"SP,DLHC,QUAD,OMEX,CTAS,TISI,TH,WHLM,FA,RBA,CBZ,MMS,NTIP,TRI,ARMK,CASS,LZ,BV,UNF,GPN,ARC,ABM,ACTG,VVI,KODK,LICN,CVEO,PFMT,SGRP,RTO,TDCX,SPIR,SST,SMX"
52,Building Products & Equipment,Industrials,91.74,66,84,88,77,"LII,PGTI,BLDR,NX,ROCK,SSD,BECN,OC,TT,AZEK,APT,CARR,AWI,WMS,TREX,MAS,GMS,AAON,CSL,IBP,APOG,ASPN,JBI,FBIN,DOOR,BXC,JELD,LPX,JCI,PPIH,SWIM,CSTE,ILAG,AEHL,VIEW"
53,Asset Management,Financial Services,91.59,66,60,41,64,"SCU,FSCO,APO,ARES,NRGX,BCSF,CSWC,FCO,BUR,BXSL,MCI,HYW,GBDC,CCAP,FPL,EVF,CRBG,FEI,HLNE,TWN,EMO,GECC,FIF,WT,DMA,OWL,DSU,BANX,PFX,AIF,MPV,FSK,AFT,EFT,GAIN,STEP,GGN,GJR,BGT,FEN,MFIC,BSL,ARCC,SSSS,CION,BGX,EFR,XFLT,ARDC,SRV,FRA,BGB,DHY,HTGC,CTR,BGR,CEM,FCT,PNNT,NDP,VINP,GAINN,TSLX,AVTA,FDEU,OXLCO,ECCC,GAM,CHY,OXLCP,GDL,CBH,TPZ,OFS,FMY,CGBD,BLW,DBL,OXLCM,OXLCN,KKR,ADX,GSBD,DMO,GCMG,JLS,TRIN,BRW,EVG,BIT,CEE,AWF,CET,VVR,FDUS,FFA,FTF,NMFC,AMP,GLAD,BGH,DHF,FGB,TTP,OCCIO,PUYI,EGF,GHY,JOF,LRFC,HIO,BKCC,RAND,CIK,KIO,IIF,OCCIN,DTF,SOR,SLRC,CHI,CII,PEO,GIM,HNW,EDD,GNT,BX,VCTR,APAM,PHD,EOS,MAIN,PHT,TSI,FSD,DSL,EMD,GDO,JQC,FAM,BK,FAX,IFN,EVV,BST,ERC,ETJ,HIE,ETX,JFR,MSD,STEW,NXP,WHF,NTG,BTZ,BTA,HYI,HYB,GBAB,ETY,EOI,NML,GROW,NIM,BXMX,EAD,BOE,MIN,GRF,SAR,KYN,SCD,CSQ,OXSQ,SWKH,BMN,FOF,JMM,BGY,HIX,PTA,MHF,HYT,TY,INSI,IGI,NXN,FT,PTY,EEA,EMF,BCX,CEV,BTT,RCG,CIF,SBI,BWG,NUW,BAM,NEWT,KMF,DIAX,TPG,NNY,CXH,IGA,ACP,ECC,SPE,AOD,JHI,PIM,STK,JPI,USA,ETO,PAI,MXF,MMT,JCE,PFLT,BFZ,VBF,JGH,EHI,EXG,WEA,GGT,HRZN,NIE,NUV,AGD,EVM,PPT,SEIC,EDI,CMU,MGF,FPF,NCA,BHK,EQS,MCR,JEQ,EOT,BKT,MFV,PSF,BME,DNP,SWZ,CHW,MXE,PAX,WIW,ETW,VLT,ETV,ETB,VRTS,AEF,ISD,JHS,TYG,FMN,EIM,NXC,EVN,IGD,BBN,AMK,WIA,GAB,EDF,ACV,ASA,GDV,ECF,ETG,BUI,NPFD,MPA,CGO,LDP,NBB,TCPC,BFK,NMI,NXJ,IDE,EOD,FLC,JPC,NRK,PCF,CXE,DHIL,FUND,BN,IHIT,JPS,KSM,ASG,GUT,NTRSO,CG,BLK,MCN,DMF,GLQ,VPV,BLE,GLO,FFC,AMG,MUJ,HEQ,SCM,FHI,DFP,SAMG,MVF,SPXX,BNY,JHG,NQP,MUE,NMT,PAXS,MMU,BIGZ,NAC,GLV,NFJ,AB,KTF,AFB,ENX,MYN,QQQX,MVT,NAN,RMT,MUC,IHD,RVT,MUI,RGT,VGI,STT,NKX,IAE,BYM,ICMB,MUA,NAD,TEI,MHD,MHN,MFM,NZF,MYI,MRCC,MMD,GLU,TEAF,NHS,RCS,MQT,MQY,NEA,PCN,CCD,HTY,IQI,UTG,NBH,MYD,BSTZ,CLM,BEN,GGZ,BKN,MIY,CRF,BDJ,GF,BCV,VGM,DSM,EVT,OXLC,PFL,PHK,AVK,VTN,VCV,ALTI,VKQ,OPP,AWP,VMO,PGZ,VKI,CAF,IIM,PFO,NVG,JRI,PFN,LGI,RIV,NXG,NAZ,DMB,RLTY,MFD,HQL,CNS,PTMN,BHV,HNNA,PMO,HQH,OIA,PFD,KF,HPF,NCZ,HPS,RMM,NMS,NOM,PX,PZC,PMM,SII,ERH,LEO,PGP,PDI,HPI,GRX,MHI,THQ,RFI,IAF,MAV,PCK,NRO,NCV,CHN,TDF,TROW,CUBA,NPV,UTF,NMZ,BTO,PNI,PSEC,IVZ,HFRO,NTRS,RNP,JRS,TURN,VFL,HGLB,NOAH,MGLD,RQI,GOF,PCM,PML,HTD,BSIG,PDT,PMX,TPVG,PCQ,PMF,PYN,GCV,PNF,DPG,OCCI,THW,RA,IGR,BBUC,NXDT,BRDG,AINC,SFE,GRABW,AMTD,AAMC"
54,Beverages—Brewers,Consumer Defensive,91.33,65,51,64,96,"FMX,SAM,TAP,BUD,ABEV,CCU,SBEV"
55,Beverages—Non-Alcoholic,Consumer Defensive,91.04,64,50,49,92,"CELH,COCO,COKE,BRFH,CCEP,KOF,FIZZ,MNST,KO,PRMW,PEP,KDP,ZVIA,OTLY,WTER"
56,Credit Services,Financial Services,90.85,64,72,81,54,"AHG,PT,MCVT,QD,FCFS,XYF,YRD,BBDC,SLMBP,AGM,ATLCP,IX,V,OPRT,MA,RWAY,OCSL,SOFI,FINV,WU,NAVI,CPSS,JSM,UPST,EZPW,AXP,NNI,QFIN,OMF,ATLC,NICK,ENVA,COF,SYF,ALLY,MFIN,CACC,SLM,WRLD,BFH,DFS,SNTG,RM,LX,LPRO,PYPL,JT,PMTS,GDOT,FOA,LC,NRDS,LMFA,LU,NISN,AIHS,PRAA,CURO,DXF"
57,Information Technology Services,Technology,90.4,63,66,42,18,"CSPI,PAY,CTG,DTST,DMRC,SRT,CTLP,AI,CD,INOD,KD,BR,CDW,USIO,IBM,NABL,HCKT,CACI,ASGN,IT,GIB,BTCM,ACN,CTSH,DLB,SAIC,GLOB,LDOS,INFY,FLYW,WIT,NYAX,GDYN,VNET,CNDT,AUR,EXLS,WYY,G,JKHY,III,LVRO,TLS,PRFT,XRX,FORTY,IBEX,EPAM,CNXC,CLPS,FIS,ALYA,DXC,JFU,WNS,MGIC,CLVT,BBAI,PSFE,GDS,SASI,TASK,UIS,TTEC,CTM,TWKS,WAVD,NOTE,CRGE"
58,Metal Fabrication,Industrials,90.17,62,66,66,61,"CRS,ESAB,AZZ,MLI,GIFI,MEC,WOR,ATI,HIHO,IIIN,HAYN,NWPX,CMPO,AP,PRLB,RYI,SGBX,TG,ALPP"
59,Telecom Services,Communication Services,90.08,62,67,19,51,"USM,TDS,FNGR,SHEN,VEON,TIMB,GSAT,VIV,CCOI,CHTR,IDCC,ORAN,IDT,TEO,CNSL,TMUS,SKM,CMCSA,TIGO,LBRDK,LBRDA,CHT,TKC,ATEX,KT,VZ,LBRDP,PHI,T,CXDO,LBTYB,BCE,VOD,SIFY,LBTYK,TLK,RCI,AMX,TU,LBTYA,FYBR,RDCM,ATNI,LILAK,LILA,OOMA,CABO,GOGO,UCL,ATUS,COMSP,IRDM,WOW,IHS,ASTS,RBBN,LUMN,DISH,ANTE,MIMO,TV,KORE,COMS"
60,Closed-End Fund - Debt,Financial,90.07,61,43,31,72,"FTHY,RMI"
61,Closed-End Fund - Equity,Financial,89.99,60,54,47,79,"ECAT,BCAT,AIO,TBLD,NBXG,CPZ,BMEZ,MEGI,ZTR"
62,Conglomerates,Industrials,89.97,60,58,71,40,"VRTV,RCMT,CRESY,GFF,FIP,IRS,SPLP,MATW,JBK,SEB,TUSK,HON,MDU,TRC,CODI,NNBR,MMM,IGC,BBU,VMI,IEP,EFSH"
63,Education & Training Services,Consumer Defensive,89.71,59,48,22,38,"TAL,EDU,LRN,PRDO,LINC,GEHI,COUR,UTI,GOTU,LAUR,COE,ARCE,AFYA,STG,LOPE,ATGE,STRA,VSTA,AIU,GHC,IH,FEDU,GNS,WAFU,DAO,UDMY,EDTK,VTRU,EEIQ,AACG,YQ,BEDU,APEI,CHGG,SKIL,AMBO,TEDU,JZ,LXEH,GSUN,TWOU,QSG,CLEU"
64,Publishing,Communication Services,89.55,58,70,32,28,"RELX,NYT,GCI,PSO,DALN,SCHL,WLYB,WLY,LEE,EDUC"
65,Semiconductors,Technology,89.18,58,71,89,56,"AAOI,NVDA,QUIK,MRAM,AVGO,IMOS,ASX,MTSI,AMD,NA,RMBS,INTC,ICG,TSM,FORM,SQNS,GSIT,ON,MU,NXPI,UMC,MRVL,VSH,LSCC,AIP,MCHP,ADI,NVEC,SITM,MPWR,STM,SYNA,GFS,QRVO,POWI,SWKS,CRUS,AMKR,TXN,QCOM,SIMO,NVTS,DIOD,HIMX,AOSL,POET,ALGM,SGH,MX,LASR,PXLW,VLN,SLAB,CEVA,SMTC,TSEM,SKYT,MXL,LEDS,WOLF,EMKR,WKEY,PRSO,WISA"
66,Capital Markets,Financial Services,88.95,57,84,92,69,"CIFR,GHL,TW,APLD,TIGR,FUTU,DFIN,HGBL,FRHC,HLI,PWP,BTBT,EVR,XP,SNEX,NMR,IBKR,LPLA,PIPR,PJT,VIRT,MC,HUT,JEF,RJF,SF,COHN,OPY,AC,GS,BITF,LAZ,MS,AMRK,IREN,SCHW,HIVE,SIEB,WHG,ATIF,MKTX,MARA,TOP,GREE,BTCS,MFH,ARBK,WULF,SRL,SDIG,SAI,MEGL,NCPL,MIGI,LGHL"
67,REIT—Retail,Real Estate,88.78,56,39,34,35,"SKT,WHLRD,PECO,RPT,IVT,WSR,AKR,KRG,BRX,ALX,REG,BFS,CBL,SPG,FRT,SITC,MAC,GTY,KIM,FCPT,ADC,PINE,WHLRP,NNN,O,ROIC,SRG,NTST,WHLR"
68,Integrated Freight & Logistics,Industrials,88.78,56,60,82,57,"XPO,FDX,AIRT,EXPD,GXO,ZTO,LSTR,JBHT,PBI,AIRTP,HUBG,RLGT,CHRW,SGLY,UPS,ATXG,FWRD,CRGO,CYRX"
69,Pollution & Treatment Controls,Industrials,88.69,55,64,84,58,"CECO,TOMZ,FSS,ZWS,LIQT,CLWT,CLIR,FTEK,ADES,PCTTU,SCWO,ERII,PCT"
70,Electronic Gaming & Multimedia,Communication Services,88.34,54,28,23,25,"BHAT,NTES,GMGI,GRVY,TTWO,AVID,BRAG,GIGM,EA,DDI,GDC,PLTK,RBLX,MSGM,BILI,SNAL,GAME,MYPS,SOHU,NCTY,MGAM,NFTG,SKLZ,GDEV"
71,REIT—Diversified,Real Estate,88.13,54,39,18,15,"MDV,MDRRP,DBRG,GOODN,ESRT,UE,EPRT,CTO,GIPR,GOOD,BNL,AHH,MDRR,ALEX,VICI,OLP,BRSP,SRC,SQFTP,AAT,WPC,GNL,SQFT,CORR,SAFE"
72,REIT—Hotel & Motel,Real Estate,87.94,53,47,14,44,"HT,APLE,SOHOB,SOHOO,SOHON,RHP,SHO,DRH,PK,RLJ,CLDT,HST,SVC,XHR,PEB,INN,SOHO,IHT,BHR,AHT"
73,Pharmaceutical Retailers,Healthcare,87.9,52,69,67,1,"LFMD,LFMDP,HITI,MEDS,BIMI,LFLY,SSY,YI,WBA,PETS,CJJD,MDVL"
74,Packaging & Containers,Consumer Cyclical,87.51,52,62,58,32,"KRT,PKG,WRK,CCK,BERY,GEF,IP,REYN,PTVE,GPK,BALL,TRS,SLGN,MYE,SON,AMCR,AMBP,OI,DSS,PACK,SEE,TUP"
75,REIT—Mortgage,Real Estate,87.46,51,68,50,17,"AAIC,AGNCM,AGNCO,AGNCN,AGNCP,SEVN,NYMTM,RITM,AOMR,EFC,AGNCL,NYMTL,REFI,ABR,BXMT,FBRT,LFT,NYMTN,RWT,ACRE,LADR,NYMTZ,ARI,SACH,STWD,LOAN,NREF,MITT,ACR,DX,PMT,CMTG,RC,WMC,MFA,KREF,CIM,AGNC,GPMT,EARN,NLY,NYMT,TRTX,TWO,AJX,CHMI,ORC,ARR,IVR"
76,Banks—Regional,Financial Services,87.38,50,35,43,7,"INTR,FCNCA,BLX,FXNC,NBN,MFG,WMPN,CUBI,PVBC,AMNB,CSTR,BMA,BCML,FCBC,UNB,OBT,GGAL,FRAF,UBFO,FUSB,TFIN,ESQ,KB,ITUB,OFG,CALB,FITBI,SPFI,TBBK,BBAR,MCBS,BSBR,DB,RBCAA,BFC,MBWM,BSAC,OVLY,WF,CBFV,ZIONO,NECB,CBNK,MBIN,CIB,UCBIO,FRMEP,OVBC,CASH,FSBW,PFBC,ACNB,CHCO,FBP,BCH,TECTP,TCBS,QCRH,FCNCO,FUNC,BBDO,BPRN,AFBI,PEBO,CTBI,MBINP,BPOP,WTFCP,IBN,HNVR,OCFCP,CCB,CNOBP,ALRS,FITBP,PBBK,NIC,BFIN,FDBC,BFST,WNEB,SHFS,AVAL,PLBC,WSBCP,HTLFP,ZIONP,HBT,HBCP,MBNKP,BBD,SMMF,AUBN,FCNCP,SFBC,WABC,MBINO,GNTY,CULL,SRCE,CWBC,CFFI,TCBI,FNWB,IBCP,TSBK,IBOC,VBNK,FBIZ,CHMG,FINW,USCB,SHG,VLYPO,LOB,RVSB,ESSA,RRBI,FRBA,CLST,CVLY,CCNEP,OSBC,FITBO,TCBC,BANF,OPHC,ORRF,SBT,MBCN,PNFPP,PCB,BUSE,UNTY,BSRR,NRIM,HMNF,PTRS,ONBPP,NBTB,BWFG,HTH,OZKAP,WTFC,SSBK,CATY,CADE,BWBBP,NYCB,FMBH,GSBC,NSTS,FCF,BHB,PDLB,MSBIP,SMBC,HTBI,TFINP,FULT,BOTJ,CCBG,CATC,AROW,IROQ,FCCO,MBINM,SBFG,AUB,MSBI,BAP,MVBF,CPF,FULTP,FVCB,FCAP,CVCY,FNLC,CCNE,HONE,FGBIP,BY,PROV,PNFP,PRK,EQBK,LNKB,STEL,WTFCM,AX,FMNB,OZK,CFB,HOMB,FNCB,HBANM,CLBK,CBAN,MCBC,TOWN,TCBX,UMBF,EFSCP,GBNY,CZNC,HDB,VBFC,ONBPO,FBK,LYG,SSB,GABC,ABCB,NBHC,LSBK,FNB,PWOD,GCBC,VABK,VLYPP,THFF,TFSL,EBTC,CFSB,CNOB,FHB,RBKB,PBFS,FBNC,SBSI,PFIS,FSFG,SSBI,MBINN,ASB,CIVB,CVBF,GBCI,BOH,ONB,WTBA,EVBN,LCNB,NWBI,OPBK,FBMS,SMBK,NWFL,LKFN,WBS,COLB,WSFS,FFNW,SUPV,PB,MNSBP,DCOMP,AMAL,CZWI,AMTB,BSVN,PKBK,HTBK,IFS,RMBI,STBA,BHLB,JMSB,BRKL,FFBC,FFIC,CIZN,HWBK,COFS,HBANP,SFST,EBMT,FRME,EBC,PBHC,FISI,ATLO,CFBK,TRST,CFR,CAC,UBSI,EFSC,PEBK,HOPE,PNC,PFC,BANR,BANC,MGYR,FITB,FIBK,SFBS,MTB,USB,VBTX,UVSP,FRST,WSBC,TCBIO,BWB,WAL,TCBK,FSBC,BSBK,IBTX,FMAO,HFWA,MOFG,DCOM,CBSH,RNST,KRNY,LBC,HBAN,ZION,MNSB,LARK,HTLF,TMP,TFC,SBCF,WAFD,WAFDP,INBK,ASRV,BKU,BMRC,UCBI,SASR,BCOW,MPB,HWC,HFBL,VLY,HBNC,UBCP,ECBK,FFIN,CARE,CFFN,FLIC,RBB,SHBI,PFS,INDB,KEY,HAFC,FSEA,BYFC,MRBK,SYBT,CBU,GLBZ,SNV,SFNC,BLFY,PGC,TRMK,CMA,LBAI,BCBP,NKSH,BOKF,PPBI,KFFB,MCB,RF,CFG,WSBF,FGBI,NFBK,OPOF,HIFS,CZFS,OCFC,FNWD,WASH,EGBN,PNBK,ISTR,FHN,BAFN,MYFW,FFWM,PACW,TBNK,HMST,CARV,BRBS"
77,Specialty Chemicals,Basic Materials,87.28,50,54,43,52,"CMT,ALTO,HDSN,ODC,HWKN,NEU,CCF,REX,KOP,WDFC,LOOP,LIN,DD,OEC,RPM,NTIC,WLK,SHW,APD,LYB,ECL,ESI,FUL,IOSP,CBT,AVTR,PPG,BCPC,AXTA,EMN,GPRE,SSL,MTX,AVNT,OLN,SXT,ECVT,ASH,LWLG,KWR,SCL,CC,IFF,KRO,FSI,SQM,GEVO,GURE,LTHM,ALB,NGVT,DNMR,FEAM,PRM,TSE,CNEY,SNES,CRKN"
78,Restaurants,Consumer Cyclical,87.26,49,54,68,88,"TAST,RAVE,FRGI,PBPB,ARCO,WING,GTIM,CMG,FATBP,BDL,FWRG,BTBD,DPZ,QSR,BLMN,DRI,FAT,YUMC,CHUY,SBUX,YUM,MCD,SHAK,TXRH,WEN,EAT,NATH,CAKE,BH,ARKR,SG,KRUS,FATBB,PZZA,LOCO,CNNE,DIN,BROS,DENN,BJRI,RICK,JACK,PTLO,CBRL,RRGB,BFI,STKS,THCH,YOSH,NDLS,REBN"
79,Software—Infrastructure,Technology,87.14,49,63,60,24,"RELY,REKR,SPLK,AVPT,PLTR,APCX,CETXP,GCT,IOT,CRWD,ADBE,NTNX,LVOXU,NEWR,PANW,MDB,SNPS,LVOX,QLYS,ESMT,ZS,VRNS,MSFT,AKAM,RAMP,CLBT,CCCS,MLGO,LSAK,DBX,AUID,TUYA,VMW,AFRM,DLO,INFA,ZENV,CYBR,FLT,RPD,ORCL,CHKP,FFIV,TDC,CGNT,SPSC,SQSP,PATH,GB,PGYWW,QIWI,BASE,CFLT,VRSN,OKTA,PAYO,TENB,ALTR,NET,BLZE,WEX,EVTC,GDDY,SWI,EVCM,PGY,WIX,S,APPN,CSGS,MQ,DOX,FTNT,STER,EGIO,ZUO,KLTR,GEN,AVDX,EEFT,ACIW,HOOD,BOX,YEXT,STNE,DAVA,RPAY,FIVN,CINT,TOST,BB,PRTH,NTCT,IIIV,RDWR,FOUR,ATEN,SCWX,PAYS,BAND,HCP,IMXI,SOS,SANG,PAGS,BLIN,ALLT,ARBE,OSPN,BKKT,SQ,CETX,TCX,DOCN,KPLT,VRNT,CCSI,RXT,MOGO,STEM,SNCR,ZFOX,TIXT,VERI,NVEI,BCAN,MRDB,NXTP,VHC,MARK,GRRR,JG,CISO,ARQQ,TAOP,VRAR,INTZ,DTSS,RVYL"
80,Discount Stores,Consumer Defensive,87.13,48,30,20,66,"OLLI,WMT,COST,PSMT,BJ,TGT,DLTR,DG,BIG"
81,Railroads,Industrials,87.05,47,43,45,26,"FSTR,WAB,GBX,UNP,CSX,CP,CNI,RAIL,NSC,TRN,KIQ,RVSN,USDP"
82,Gold,Basic Materials,87.0,47,14,13,97,"HMY,AGI,KGC,GFI,EGO,DRD,IAG,WPM,NGD,EQX,PZG,NFGC,AU,CMCL,FNV,GOLD,TRX,SSRM,AEM,GAU,BTG,IDR,OR,RGLD,CGAU,THM,DC,SA,SAND,AAU,NEM,ORLA,GLDG,AUST,CTGO,USAU,HL,NG,CDE,IAUX,ODV,VGZ,SBSW,HYMC,GORO,HYMCL"
83,Travel Services,Consumer Cyclical,86.99,46,81,90,76,"MMYT,RCL,BKNG,TCOM,CCL,DESP,ABNB,EXPE,TNL,NCLH,YTRA,TRIP,SABR,TOUR,LIND,MOND"
84,Other Precious Metals & Mining,Basic Materials,86.53,45,47,35,98,"ATLX,PPTA,BVN,MUX,ITRG,GATO,TFPM,SILV,VOXR,PLG,ASM,NEWP,GROY,EXK,MTA,AUMN"
85,Footwear & Accessories,Consumer Cyclical,86.48,45,20,26,77,"VRA,WEYS,DECK,CAL,SKX,SHOO,NKE,CROX,FORD,WWW,RCKY,AREB"
86,Healthcare Plans,Healthcare,86.38,44,23,8,22,"MOH,CI,HUM,UNH,OSCR,CNC,ELV,ALHC,CVS,CLOV,BHG,MRAI"
87,Utilities—Diversified,Utilities,86.31,43,13,33,83,"ELP,CIG,MNTK,OTTR,MGEE,ALE,SRE,UTL,NWE,AVA,BKH,AESC,BIP,AES,HE"
88,Electrical Equipment & Parts,Industrials,85.8,43,71,94,58,"VRT,POWL,ADSE,XPON,ULBI,PPSI,HOLI,PLPC,WIRE,NVT,KE,HUBB,ENS,ESP,ATKR,HAYW,ENR,AYI,EOSE,SVT,AEIS,LTBR,NEOV,APWC,FLUX,CBAT,GWH,MVST,RFIL,IPWR,ENVX,EAF,OESX,BE,SKYX,POLA,NVX,OPTT,PLUG,FCEL,SLDP,FREY,AMPX,RAYA,DFLI,DCFC"
89,REIT—Specialty,Real Estate,85.71,42,21,15,19,"CXW,IRM,EQIX,EPR,GLPI,AMT,WY,FPI,PCH,UNIT,SBAC,LAMR,AFCG,CCI,RYN,HASI,OUT,PW"
90,Apparel Manufacturing,Consumer Cyclical,85.55,41,17,17,30,"GIII,KTB,LAKE,XELB,RL,PVH,LEVI,GIL,COLM,SGC,UA,ZGN,UAA,OXM,DLA,FIGS,VFC,JRSH,HBI,GOOS,JXJT,VNCE"
91,"Furnishings, Fixtures & Appliances",Consumer Cyclical,85.39,41,45,21,14,"VIRC,HBB,MLKN,FLXS,AMWD,KEQU,MBC,PATK,NTZ,TPX,LZB,ETD,HOFT,VIOT,TILE,NVFY,BSET,LCUT,CRWS,IRBT,LEG,WHR,MHK,FGI,COOK,SNBR,EFOI,LOVE,ATER,AUVIP,PRPL,AUVI"
92,Trucking,Industrials,85.22,40,64,73,69,"SAIA,ODFL,CVLG,TFII,SNDR,ARCB,PATI,RXO,KNX,HTLD,MRTN,BEST,WERN,ULH,PTSI,DSKE,YGMZ,TSP"
93,Farm & Heavy Construction Machinery,Industrials,84.85,39,69,66,45,"REVG,GENC,PCAR,HY,CAT,OSK,TEX,ALG,MTW,ASTE,DE,LNN,WNC,TWI,AGCO,CMCO,MNTX,ARTW,CNHI,CEAD,UGRO,LEV,HYFM,SHYF,NKLA,XOS,IDEX"
94,Utilities—Renewable,Utilities,84.78,39,94,2,5,"HLGN,CEG,RNW,FLNC,WAVE,CWEN,AMPS,BEPC,BEP,ORA,AY,NRGV,AQNU,EE,AQN,ELLO,CREG,BNRG,NEP,SMR,ADN,HTOO,HTOOW"
95,Utilities—Regulated Gas,Utilities,84.73,38,22,9,55,"SPH,NIMC,ATO,NI,NFE,NJR,SWX,SR,NWN,OGS,RGCO,OPAL,CPK,UGIC,UGI,BIPC"
96,REIT—Industrial,Real Estate,84.65,37,37,28,49,"LANDM,EGP,PLYM,STAG,COLD,IIPR,SELF,TRNO,PSA,FR,CUBE,PLD,LXP,LAND,NSA,LANDO,REXR,EXR,ILPT"
97,Personal Services,Consumer Cyclical,84.58,37,56,55,47,"ROVR,WW,HRB,FTDR,BFAM,ROL,MRM,SCI,EM,EJH,CSV,MED,MCW,RGS,XWEL"
98,REIT—Residential,Real Estate,84.43,36,31,33,54,"ELS,AVB,AMH,ESS,EQR,BRT,INVH,AIRC,UMH,VRE,UDR,CSR,CPT,MAA,SUI,AIV,CLPR,IRT,NXRT"
99,Household & Personal Products,Consumer Defensive,84.3,35,36,47,87,"ELF,SPB,ACU,CHD,IPAR,PG,CL,COTY,TKLF,KMB,UL,NTCO,HELE,EPC,CLX,EWCZ,HIMS,TANH,GROV,UG,EL,MTEX,NWL,NUS,SKIN,BRSH"
100,Packaged Foods,Consumer Defensive,84.27,35,20,5,34,"LWAY,LFVN,NATR,BRBR,SOVO,TWNK,BRFS,NCRA,SENEB,SENEA,CENT,JBSS,PLAG,CENTA,FREE,PPC,JJSF,SMPL,POST,INGR,LW,LANC,BRID,HLF,FRPT,GIS,KHC,CPB,FLO,THS,NOMD,CAG,K,MKC,HRL,USNA,SJM,NAII,PETZ,WEST,FARM,UTZ,HAIN,CYAN,BTTR,LSF,BGS,DAR,STKH,STKL,BRCC,RGF,BTOG,BON,SNAX,JVA,BYND,RIBT,NUZE,FAMI,SMFL,BSFC"
101,Medical Care Facilities,Healthcare,84.24,34,27,28,41,"NVOS,TOI,TALK,NHC,CHE,BKD,ENSG,EHC,AMED,AIRS,BTMD,UHS,CCEL,ACHC,AGL,PNTG,INNV,THC,AMS,HCA,OPCH,ADUS,CCRN,AMEH,SNDA,USPH,DVA,FMS,AVAH,SEM,CCM,MD,AMN,LFST,PIII,HCSG,RHE,DCGO,SGRY,ATIP,MODV,CYH,CMPS,EHAB,JYNT,AIH,BACK,GBNH,IONM,CANO"
102,REIT—Office,Real Estate,83.76,33,52,32,3,"NYC,DLR,FISK,ESBA,OGCP,VNO,FSP,EQC,PSTL,SLG,BXP,CMCT,ELME,PGRE,BDN,DEI,KRC,CUZ,JBGS,ARE,DEA,HIW,HPP,ONL,PDM,CIO,OPI"
103,Home Improvement Retail,Consumer Cyclical,83.74,33,41,69,37,"LIVE,TTSH,HD,LOW,HVT,ARHS,FND,LL,LESL"
104,Copper,Basic Materials,83.73,32,76,98,98,"SCCO,FCX,HBM,ERO,TGB"
105,Food Distribution,Consumer Defensive,83.69,32,25,37,50,"ANDE,DIT,USFD,PFGC,HFFG,SPTN,SYY,CVGW,AVO,WILC,UNFI,CHEF"
106,Security & Protection Services,Industrials,83.16,31,38,60,26,"UUU,ARLO,MSA,GEO,BRC,EVLV,BCO,CIX,ALLE,MG,SNT,BAER,ADT,VRME,IVDA,REZI,NL,NSSC,KSCP,DGLY,LGMK,GFAI,SPCB,BKYI"
107,Internet Content & Information,Communication Services,82.9,30,40,62,16,"MATH,GRPN,NN,META,OPRA,SPOT,JFIN,TBLA,YY,TME,GOOG,GOOGL,DASH,YELP,YNDX,CARG,MAX,PINS,ZDGE,OB,SNAP,GENI,EVER,Z,BIDU,ZG,IZEA,ATHM,MOMO,LTRPB,GETY,ZH,LCFY,TRUE,TWLO,THRY,MTCH,PERI,TRVG,KRKR,WB,SMWB,IAC,DOYU,SEAT,CMCM,FVRR,KIND,SCOR,AREN,TTGT,SSTK,ANGI,FENG,LIZI,ONFO,EGLX,TC,UPXI,LTRPA,LKCO,BODY,BZFD,FAZE,STBX,ASST,GROM"
108,Farm Products,Consumer Defensive,82.75,30,30,5,32,"AGRO,BG,DOLE,CHSCP,CHSCN,CHSCO,CHSCM,CHSCL,AFRI,LMNR,FDP,CALM,LND,ALCO,VITL,ADM,VFF,TSN,SANW,AQB,EDBL,LOCL,AGRI"
109,Textile Manufacturing,Consumer Cyclical,82.25,29,24,38,27,"CULP,AIN,UFI,DXYN"
110,Confectioners,Consumer Defensive,82.13,28,16,30,94,"MDLZ,HSY,TR,RMCF"
111,Entertainment,Communication Services,82.13,28,22,22,60,"KUKE,CNK,NWS,NFLX,NWSA,IMAX,GAIA,IQ,WMG,LYV,MCS,BATRA,HUYA,EDR,FWONK,CCZ,BATRK,FWONA,RSVR,FOXA,MANU,FOX,LVO,MSGE,MSGS,ROKU,PLAY,SIRI,DIS,BOWL,RSVRW,AGAE,DLPN,NXST,WBD,AMCX,RDIB,RDI,PARAA,ANGH,SBGI,PARA,PARAP,CSSEP,CPOP,HOFV,BREA,ADD,CSSE,AMC"
112,Auto Parts,Consumer Cyclical,81.84,27,52,86,23,"MOD,MLR,HLLY,ALSN,ALV,GNTX,MBLY,KNDI,STRT,GT,SYPR,CVGI,BWA,LEA,GTX,CPS,VC,DORM,ADNT,PLOW,APTV,UFAB,SMP,MGA,AXL,SRI,FOXF,LKQ,MPAA,DAN,GGR,THRM,HSAI,WKSP,SES,XPEL,ECX,SUP,MNRO,CAAS,ALLG,FRSX,LIDR,WPRT,QS,LAZR,AEVA,INVZ,HYLN"
113,Computer Hardware,Technology,81.57,26,67,98,33,"SMCI,DELL,IONQ,LOGI,ANET,PSTG,RGTI,STX,NTAP,NNDM,WDC,TACT,ALOT,HPQ,CRCT,RCAT,INVE,EBON,CRSR,KTCC,TIO,OSS,SSYS,CAN,VJET,VLD,QBTS,SCKT,QUBT,MKFG,DM,DDD,QMCO,UAVS,FATH,STRC"
114,Staffing & Employment Services,Industrials,81.57,26,19,10,24,"TNET,KELYB,JOB,KELYA,BBSI,RHI,PAYX,ADP,KFRC,UPWK,HSII,MAN,KFY,BGSF,NSP,HRT,BZ,MHH,HQI,HSON,TBI,DHX,IPDN,ZIP,STAF,RCRT,PIXY"
115,Software—Application,Technology,81.51,25,33,54,20,"APP,BSQR,WALDW,PCYG,APPF,VERX,WALD,FRGE,MANH,MSTR,FICO,DATSW,PLUS,DUOL,TROO,VTEX,ALKT,ML,BRZE,ESTC,YALA,FTFT,CDNS,GWRE,NOW,MTC,UBER,CXM,FRSH,BSY,DSP,RSSS,TSRI,PRO,SPNS,INLX,FSLY,CWAN,AGYS,SAP,WDAY,INTA,OPFI,WFCF,CLSK,DCBO,INTU,DJCO,BLND,CRM,PTC,COIN,DT,TEAM,WEAV,WK,BLKB,MITK,HUBS,IMMR,YMM,TYL,ALRM,TTD,PCOR,MAPS,SHOP,RDVT,QTWO,NCNO,RIOT,CVLT,EB,WKME,BLBX,CDAY,PEGA,DSGX,GRAB,AZPN,ADSK,GTLB,INST,ANSS,ASAN,SMAR,PAR,GRND,DDOG,MLNK,PRGS,DGHI,MNDO,MNDY,KC,AHI,AGMH,SSNT,OTEX,NRDY,PWSC,IDAI,SSNC,KARO,MKTW,API,ZETA,AMSWA,FROG,QH,EZFL,SNOW,BL,BIGC,PYCR,DPSI,ZM,IE,PCTY,ADEA,BILL,ASUR,SURG,DV,PALT,CCRD,NXPL,ISDR,ENFN,PDFS,VMEO,AMPL,SEMR,IDN,SPT,GBTG,SMRT,RSKD,LSPD,EGAN,U,DOCU,AEYE,PD,PAYC,NTWK,ALIT,NICE,JAMF,LYFT,HTCR,RNG,DUOT,SRAD,DAVE,SMSI,UPLD,AYX,CREX,ONTF,LAW,MIXT,MODN,OLO,CALX,SOUN,EVBG,PUBM,PET,BMTX,BMBL,YOU,MTTR,AWRE,CRNC,STIX,AMST,OLB,COMP,ENV,SWVL,SOFO,XELAP,BCOV,MTLS,EGHT,RMNI,ZI,RUM,OCFT,SSTI,ETWO,DOMO,HKD,CPTN,MYSZ,TGL,PERF,PRST,MRIN,LPSN,RTC,PRCH,ANY,SOPA,APPS,AUUD,CYN,KBNT,VCSA,DATS,XELA,GVP,VS,PHUN,EXFY,EBIX,INPX,RBT,LYT,CUEN,NOGN,FRGT,MVLA,VERB,OMQS,BRQS,PBTS,AGIL,OBLG,IFBD"
116,Internet Retail,Consumer Cyclical,81.36,24,32,61,9,"CVNA,APRN,QRTEB,PDD,TDUP,LQDT,NHTC,VIPS,LITB,HEPS,MELI,AMZN,GLBE,CPNG,SECO,MOGU,BABA,EBAY,PIK,AKA,DIBS,W,HOUR,JWEL,DTC,IPW,QRTEP,PRTS,DADA,SE,JD,RVLV,RERE,ETSY,OSTK,JMIA,BZUN,CHWY,JFBR,YJ,OCG,WNW,NEGG,QRTEA,WISH,FTCH,ID"
117,Waste Management,Industrials,81.16,24,28,64,48,"PESI,QRHC,CLH,RSG,WM,WCN,CWST,SRCL,GFL,AWX,CHNR,AQMS,LNZA,AMBI,MEG,GWAV,JAN,LICY"
118,Financial Conglomerates,Financial Services,80.55,23,49,74,11,"RILYL,VOYA,RILYP,RILY,TREE"
119,Paper & Paper Products,Basic Materials,80.41,22,33,6,11,"SUZ,CLW,SLVM,MERC,MATV,ITP,GLT"
120,Silver,Basic Materials,80.41,22,10,3,94,"PAAS,MAG,FSM,AG,SVM"
121,Auto & Truck Dealerships,Consumer Cyclical,80.0,21,34,79,44,"CPRT,GPI,PAG,ACVA,SAH,RUSHB,AN,LAD,ABG,KFS,RUSHA,KAR,CARS,NWTN,KMX,CANG,CRMT,CWH,RMBL,VRM,UXIN,LAZY,DRVN,JZXN,KXIN,CZOO"
122,Specialty Retail,Consumer Cyclical,78.42,20,15,20,42,"MNSO,BWMX,WINA,MUSA,CASY,BBW,WSM,ORLY,TLF,AZO,ODP,FIVE,ARKO,BBY,FLWS,TSCO,ULTA,HZO,YSG,DKS,BGFV,GPC,ASO,BBWI,SPWH,LE,RH,BARK,SBH,NAAS,GME,EYE,HNST,BNED,CONN,GRWG,KIRK,AAP,TCS,EVGO,JOAN,OLPX,WOOF,NVVE,CHPT,POL"
123,Chemicals,Basic Materials,78.33,20,29,37,12,"CE,MEOH,ASPI,WLKP,DOW,FF,LXU,HUN,TROX,BAK,ASIX,VHI,RYAM,ORGN"
124,Resorts & Casinos,Consumer Cyclical,78.07,19,24,67,93,"BVH,MSC,WYNN,PLYA,LVS,MTN,BYD,RRR,MCRI,MLCO,HGV,MGM,GDEN,CZR,PENN,VAC,CNTY,FLL,BALY,SLNA"
125,Advertising Agencies,Communication Services,77.7,18,42,41,18,"CMPR,CDLX,EEX,NCMI,TZOO,ADV,DLX,QNST,STCN,CRTO,OMC,TSQ,IAS,XNET,MOXC,IPG,DRCT,WPP,ZD,HHS,CCO,BAOS,MCHX,CTV,BOC,STGW,ADTH,INUV,ICLK,MGNI,FLNT,WIMI,CNET,GSMG,TRMR,MGOL,MOBQ,TRKA"
126,Real Estate—Diversified,Real Estate,77.67,18,26,51,2,"STRS,JOE,CHCI,TPHS,VINO"
127,Other Industrial Metals & Mining,Basic Materials,77.22,17,18,11,53,"NAK,IPX,GRFX,BHP,NEXA,RIO,PLM,MTRN,EMX,STR,XPL,GSM,UAMY,VZLA,VALE,TECK,NB,TMQ,TMC,WRN,FURY,SGML,SLI,SKE,USAS,MP,WWR,CMP,NMG,AMLI,PLL,LGO,LITM,IONR,ELBM,GLG"
128,Medical Instruments & Supplies,Healthcare,77.21,16,18,24,79,"FEMY,STVN,NEPH,HBIO,ATR,INFU,OSUR,WST,AZTA,BDX,MLSS,PDEX,HAE,ALC,POCI,WRBY,ISRG,BLCO,NXGL,MMSI,COO,PLSE,NYXH,DXR,HOLX,STXS,LMAT,UTMD,XRAY,KRMD,ZTEK,TFX,ATRC,QDEL,RGEN,RVP,SMTI,BAX,NVST,ANGO,RMD,STAA,ICUI,POAI,MASI,EKSO,ATRI,MHUA,STSS,MBOT,BLFS,LUCY,AKYA,GCTK,AVGR,OMIC,NVCR,NSTG"
129,Airports & Air Services,Industrials,76.44,16,79,81,73,"CAAP,JOBY,ASLE,ASR,OMAB,PAC,BLDE,UP"
130,Aluminum,Basic Materials,76.21,15,61,65,33,"CSTM,KALU,CENX,AA"
131,Real Estate—Development,Real Estate,76.03,15,26,52,28,"FOR,AXR,LSEA,FPH,OZ,XIN,HCDIP,AEI,ARL,GGE,HCDI"
132,Drug Manufacturers—Specialty & Generic,Healthcare,76.0,14,37,45,49,"PRFX,COSM,DERM,AMRX,PETQ,ANIP,HCM,AYTU,DVAX,AMPH,ALIM,AQST,CPIX,RDY,TARO,CRDL,SSIC,AVDL,NBIX,HLN,NLTX,LFCR,COLL,ALVO,TEVA,HUGE,ZTS,TAK,KMDA,ITCI,GHSI,VTRS,LNTH,EOLS,EVO,IRWD,RMTI,BHC,CRON,SIGA,ACOR,HROW,PRGO,SNDL,ZOM,CTLT,OPTN,PAHC,RGC,ORGO,ELAN,CYTH,DCPH,SCYX,SUPN,PCRX,PROC,TLRY,HPCO,KALA,EMBC,ACB,QLI,TKNO,EVOK,CGC,PRPH,CLVRW,DRRX,EGRX,BGXX,IMCC,ASRT,OGI,SBFM,AKAN,TXMD,INCR,ACRX,PTPI,SHPH,UPC,IXHL,SCTL,AGRX,YCBD,ESPR,SXTC,SISI,THTX,BFRI,CLVR,CPHI,EBS,RDHL,FLGC,SNOA,NEPT"
133,Lumber & Wood Production,Basic Materials,75.38,13,15,4,3,"UFPI,JCTCF,WFG,EVA"
134,Beverages—Wineries & Distilleries,Consumer Defensive,75.07,13,7,1,8,"STZ,MGPI,WVVIP,DEO,WVVI,NAPA,VINE,VWE,EAST"
135,Airlines,Industrials,74.93,12,16,83,43,"SKYW,GOL,RYAAY,AZUL,CPA,SAVE,ATSG,DAL,AAL,UAL,ALGT,LUV,SNCY,ALK,JBLU,VLRS,ULCC,HA,MESA"
136,Communication Equipment,Technology,74.57,11,5,12,21,"MOBBW,PCTI,FEIM,SONM,TSAT,ITI,CSCO,CMTL,CLRO,ITRN,CRDO,MOB,EXTR,MSI,GILT,LTRX,HPE,BOSC,CIEN,UTSI,BDC,JNPR,BKTI,CRNT,ERIC,AVNW,FKWL,KN,NTGR,NOK,AMPG,PI,SATS,SATX,DGII,MITQ,ZBRA,HLIT,OCC,PWFL,VIAV,BOXL,LITE,MYNA,AUDC,INFN,ADTN,AIRG,VSAT,VISL,UI,KVHI,SILC,CLFD,COMM,INSG,CASA,ASNS,CMBM,MINM,DZSI,ONDS,AKTS,SYTA,CAMP"
137,Biotechnology,Healthcare,74.51,11,13,18,62,"CRIS,APTO,ORTX,SYBX,TPST,MLTX,TSHA,GPCR,OLMA,CABA,APLT,IMVT,IMMX,CBAY,IMGN,LIAN,PHVS,TNGX,ACXP,CBIO,BHVN,RPHM,BBIO,NUVL,SVRA,IMNM,GNLX,PNT,ANTX,MACK,CRNX,AVRO,TMBR,ELVN,NBTX,TCRX,GALT,BLTE,CASI,IDYA,MREO,CYT,ICPT,CLRB,CYBN,MDXG,SRRK,MRTX,FUSN,BLRX,VACC,CNTA,NVO,MOR,SGEN,ETON,ARDX,WVE,CNTX,EPIX,ORIC,OVID,INSM,KRYS,ABCM,AKBA,APLS,GRCL,AGLE,SABS,NERV,IRON,ABEO,EXEL,MRKR,THRD,IONS,CNTB,ACIU,SMMT,RYTM,ARGX,CORT,VCEL,MIRM,MEIP,COYA,AUTL,VTGN,DMAC,CSBR,VRTX,PCVX,LYRA,KNSA,INDP,BNTC,BNOX,REGN,VKTX,KALV,ACAD,LEGN,FRTX,ROIV,ACLX,CELC,ALPN,VSTM,TYRA,XOMA,LBPH,ADAG,CYCCP,LABP,EQRX,GNTA,BPMC,AXSM,SVA,MRUS,IMMP,PPBT,KA,NAUT,FRLN,ICVX,RLMD,SRPT,ASND,IVVD,INVA,PTGX,MGNX,LUMO,PLX,RCKT,ADVM,BYSI,MNKD,LQDA,CWBR,GLYC,PHAR,CRVS,ANEB,KTRA,ALXO,HCWB,ABIO,XOMAP,UTHR,XBIT,TLSA,JAZZ,AGE,IKNA,ADMA,VIRI,CPRX,SLN,TRDA,XOMAO,SELB,GRPH,NAMSW,ACHV,TBPH,OKYO,CRBP,ALKS,OABI,VIGL,RGLS,CALT,FOLD,ZYME,MRNS,YMAB,ONCY,VERA,EFTR,VRPX,QNCX,XERS,CDTX,INMB,IPHA,CYTK,EYPT,OCS,BMRN,IVA,VYGR,CNSP,DRTS,VCYT,ZVRA,NVCT,PRAX,ELYM,MNOV,ARMP,VINC,COEP,GRTS,ENTX,VALN,IMRN,DYAI,LCTX,AXLA,CELZ,APRE,URGN,LEXX,XENE,KRTX,RVPH,HALO,INZY,RVMD,IMTX,ACST,CGEN,CDXC,ICCC,SWTX,SAVA,RARE,BDTX,BNTX,XTLB,GNFT,FENC,VRCA,HOWL,FIXX,AVIR,ELDN,ACHL,SCPH,NNVC,AGIO,ARCT,FULC,LGND,RPRX,PGEN,CGEM,OGEN,AIM,ACER,ANAB,GLSI,PRQR,ALNY,OCUP,GLPG,TECH,PSTX,BGNE,INCY,MDGL,CERE,ANIX,ATOS,IMCR,PHGE,EXAI,RCUS,PBYI,RGNX,MDWD,BMEA,CLGN,ABUS,MTEM,CRMD,ZURA,ICU,IMNN,AUPH,GANX,PTN,REPL,TARS,EWTX,DNA,PMCB,FDMT,DBVT,CRSP,TRVI,ARWR,LRMR,AIMD,PYXS,GHRS,ZLAB,MLEC,CYCC,HLVX,UNCY,ATHE,VRNA,GMAB,AURA,XLO,EDIT,ALEC,IBRX,ONTX,ORGS,COGT,DNLI,PRTC,CMRX,XBIO,ENVB,GOVX,MAIA,VXRT,KURA,PHAT,MIST,INAB,MNMD,BOLT,COCP,ONCT,CTXR,TERN,GLMD,ATNM,INBX,DAWN,XNCR,ZNTL,ARTL,HUMA,ONVO,CLDX,BCTX,BLUE,CVM,ERAS,CTMX,VNDA,PDSB,ASMB,BCYC,SYRS,RIGL,APM,BIVI,AKTX,TOVX,CGTX,GERN,EVGN,IMRX,CAPR,ORMP,RXRX,BCRX,MBRX,UBX,KTTA,CVAC,EQ,NVAX,KROS,AVXL,PULM,CANF,CADL,PASG,CRDF,LSTA,MOLN,NCNA,NRBO,MIRO,QLGN,CLSD,ALRN,PEPG,ANVS,CYCN,GTBP,HARP,MGTX,PLRX,NLSP,NXTC,ALGS,CING,BRTX,NTLA,LIFE,DYN,PIRS,JSPR,STTK,NUVB,RLYB,TTNP,ITOS,CRBU,LTRN,CMPX,SPRO,TENX,AADI,VOR,VRDN,LVTX,SNDX,MRNA,NVIV,VTVT,LGVN,EVAX,NKTR,PRTA,OCUL,TGTX,SPRB,ITRM,BEAM,ADPT,CKPT,AMLX,ABOS,FBIOP,NKTX,SRZN,SILO,ATAI,KZIA,LYEL,LXRX,PTCT,IMUX,SANA,OBIO,CUE,IPA,ETNB,SLRX,CMMB,AMRN,SPRY,ABSI,PRTG,LIXT,MLYS,PLUR,STRO,DOMH,MRSN,NTRB,XCUR,RAPT,NAMS,IFRX,AVTE,IOVA,RZLT,MORF,NRXP,HRMY,PCSA,ATHA,QSI,XFOR,GMDA,TIL,TFFP,ABCL,ARVN,BIOR,VYNE,MRVI,AMPE,VERU,SAGE,INO,XRTX,VRAX,TRVN,KPRX,INM,TNYA,ADXN,EDSA,HOOK,INKT,WINT,NHWK,ADAP,RNXT,SLS,LIPO,EYEN,FBRX,DARE,ANNX,ERNA,ATRA,HEPA,ATXS,NEXI,AGEN,ALT,QNRX,CARM,VERV,PMN,MTNB,CLNN,CLLS,AEZS,OCGN,CHRS,CDMO,LPCN,KYMR,ASLN,HOTH,RLAY,ALLO,VAXX,ELEV,IOBT,RNA,THRX,KRON,VTYX,SNSE,BPTH,TARA,VIR,MDNA,ENLV,REVB,OPT,NRIX,RAIN,SNGX,GTHX,RANI,OCX,AFMD,STOK,QURE,OTLK,IBIO,CMRA,JANX,PRME,PRLD,GLUE,FHTX,IPSC,MNPR,SLDB,ACRV,CDXS,JAGX,CVKD,BCAB,PTIX,SEER,IMAB,DTIL,DRUG,VIRX,LPTX,AMTI,TVTX,ALVR,PHIO,MESO,FREQ,KOD,ALLK,RPTX,IGMS,ZVSA,SLGL,FNCH,CELU,ALZN,ABVC,ATNF,CCCC,DRMA,NRSN,KPTI,TCBP,FATE,RVNC,BWV,ENSC,ADCT,PSTV,TCON,ENTA,NBY,TNXP,KNTE,MCRB,ATXI,SNPX,OMER,ADTX,ACET,GOSS,NBSE,HRTX,OCEA,AKRO,IKT,BCDA,ADIL,TSVT,SGMO,KZR,OMGA,PYPD,PALI,SNTI,FWBI,BPTS,GLTO,MYMD,DSGN,NGM,MBIO,VBIV,CARA,CYTO,SPRC,BTAI,GNPX,AVTX,EIGR,SEEL,ZIVO,ALDX,APVO,PXMD,BTTX,BCEL,GBIO,PMVP,CMND,ARQT,VCNX,TCRT,YS,FBIO,PROK,PBLA,BXRX,NTRBW,CDIO,CFRX,SONN,IMPL,FGEN,ARAV,ALLR,GRTX,RNAZ,BCLI,EVLO"
138,Scientific & Technical Instruments,Technology,73.21,10,8,24,15,"MINDP,VNT,BMI,GRMN,ESE,ITRI,FTV,TDY,SOTK,ELSE,BKSY,TRMB,WRAP,VPG,NOVT,ST,LUNA,KEYS,COHR,MKSI,FCUV,CGNX,MLAB,MVIS,FARO,GNSS,SOBR,SLNHP,SLNH,SVRE,SATL,KNW,WATT,AWIN,MIND"
139,Real Estate Services,Real Estate,72.51,9,9,16,13,"MLP,MAYS,GYRO,GBR,BEKE,REAX,FRPH,FSV,MDJH,NEN,EXPI,CSGP,RMR,CIGI,PGRU,OPEN,CBRE,BPYPO,LODE,BPYPP,MMI,KW,BPYPN,TCI,JLL,OPAD,RFL,TCN,ASPS,NMRK,RDFN,DOUG,CWK,HOUS,FLJ,RMAX,OMH,FTHM,LEJU,UK,DOMA,ALBT,WE,DUO,SFR,SFRWW"
140,Auto Manufacturers,Consumer Cyclical,72.11,9,35,58,1,"LI,BLBD,XPEV,HMC,TM,RACE,STLA,LVWR,MULN,TSLA,F,PEV,GP,GM,VEV,RIVN,FSR,NIO,HYZN,SOLO,NIU,EVTV,PSNY,LCID,PSNYW,CENN,GOEV,AYRO,ARVL,WKHS,VLCN,FFIE"
141,Consumer Electronics,Technology,72.06,8,9,25,31,"MSN,AAPL,SONY,VOXX,HEAR,LPL,ZEPP,VUZI,VZIO,WLDS,UEIC,SONO,KOSS,GPRO,MICS"
142,Leisure,Consumer Cyclical,71.45,7,12,11,39,"ESCA,YETI,GOLF,CUK,MAT,AOUT,OSW,VSTO,FUN,JOUT,JAKK,HAS,SIX,FGH,PLNT,SEAS,LTH,FNKO,MODG,XPOF,CLAR,NLS,PTON,DOGZ,PLBY,ISPOW,ISPO,CNXA"
143,Diagnostics & Research,Healthcare,71.37,7,7,7,13,"OLK,CHEK,AWH,GTH,NEO,MEDP,ICLR,LAB,BDSX,CNTG,RDNT,STRR,STRRP,LH,EXAS,DGX,SHC,IQV,DHR,NEOG,PRPO,NTRA,IDXX,WAT,CRL,TMO,SERA,ENZ,QGEN,A,OPK,GH,MTD,GENE,OPGN,TWST,BIAF,MYGN,FLGT,CSTL,SQL,XGN,ILMN,MDXH,APDN,NDRA,BNR,VNRX,PMD,TRIB,CDNA,PSNL,MYNZ,STIM,ACRS,PRE,ISPC,DRIO,ME,DMTK,NVTA,NOTV,LMDX,TTOO,BNGO,INBS"
144,Broadcasting,Communication Services,70.84,6,3,7,6,"SJ,FUBO,UONEK,CMLS,UONE,SGA,TGNA,BBGI,LSXMB,LSXMK,LSXMA,EVC,GTN,SALM,SSP,MDIA,CURI,IHRT,LPTV"
145,Health Information Services,Healthcare,70.62,5,6,15,30,"AUGX,TRHC,SPOK,NXGN,SOPH,HCTI,HQY,HSTM,MPLN,VEEV,SNCE,NRC,ZCMD,MDRX,GEHC,FORA,GDRX,TXG,PGNY,PRVA,SLGC,EVH,SLP,SDGR,CMAX,CERT,RCM,SY,SHCR,DOCS,EUDA,PINC,TDOC,OMCL,ACON,HCAT,BFRG,OPRX,MGRX,UTRS,ACCD,CPSI,DH,UPH,RNLX,BEAT,HLTH,PHR,KERN,AMWL,OTRK,WORX,AKLI,NUTX,AGTI,WGS,FOXO,CCLD,STRM,LIFW"
146,Tobacco,Consumer Defensive,70.29,5,3,1,41,"PM,TPB,UVV,MO,BTI,VGR,RLX,KAVL,GNLN,XXII"
147,Medical Devices,Healthcare,70.11,4,11,16,39,"NSPR,BTCY,NPCE,MYO,XTNT,BWAY,BVS,QTRX,IRIX,ECOR,GKOS,RXST,UFPT,PROF,IRMD,STE,ITGR,NVNO,BSX,PHG,OSAAW,SRDX,ELMD,SMLR,SYK,CVRX,IINN,AORT,NARI,LUCD,RCEL,CNMD,QIPT,LIVN,ABT,HYPR,VANI,ARAY,DCTH,BRKR,VREX,RWLK,SWAV,MDT,VERO,AXNX,NMTC,ZBH,SIBN,RPID,TCMD,AXDX,PEN,EW,FONR,SNN,VMD,PRCT,ANIK,ZIMV,GMED,OWLT,SIEN,IART,EDAP,DXCM,MODD,ATEC,BIO,AVNS,PETV,ICAD,ICCM,LUNG,IRTC,BSGM,LNSR,CTSO,PACB,ALGN,AFIB,MASS,CLPT,VVOS,VAPO,HSDT,TELA,INSP,MDGS,APYX,TLIS,MXCT,CODX,SSKN,MOVE,OFIX,SENS,PAVM,BMRA,TMDX,MOTS,KIDS,THMO,NNOX,NVRO,BJDX,INMD,DYNT,PODD,SRTS,AHCO,ASXC,FNA,ESTA,TNDM,XAIR,CERS,NURO,CTKB,TBIO,TMCI,AXGN,AEMD,NXL,INGN,BFLY,EAR,HSCS,NMRD,TNON,NUWE,BBLG,NAOV,SILK,OSA,INVO,SINT,RBOT,OM,SGHT,TIVC,SONX,CUTR,BIOL,RSLS"
148,Luxury Goods,Consumer Cyclical,69.38,3,11,9,10,"CPRI,MOV,SIG,BGI,REAL,TPR,LANV,ELA,BRLT,MYTE,FOSL,CTHR,JEWL"
149,Department Stores,Consumer Cyclical,66.72,3,1,83,7,"DDS,KSS,JWN,M,CBD"
150,Recreational Vehicles,Consumer Cyclical,66.7,2,4,77,52,"THO,WGO,LCII,MPX,DOOO,BC,MBUU,MCFT,PII,VEEE,ONEW,HOG,FRZA,VMAR,FUV,REE,EZGO"
151,Agricultural Inputs,Basic Materials,62.02,1,2,0,5,"CF,BIOX,CTVA,UAN,NTR,MOS,SMG,IPI,ICL,CGA,RKDA,FMC,AVD,SEED,SVFD,BHIL,YTEN"
152,Solar,Technology,50.19,1,0,3,9,"NXT,ARRY,FSLR,SHLS,SOL,CSIQ,JKS,SPRU,ENPH,NOVA,BEEM,SPI,RUN,PEGY,FTCI,VVPR,SPWR,SEDG,MAXN,ISUN,SUNW,ASTI"
153,Software - Application,Technology,47.77,0,1,39,4,"UPBD,BMR,GETR,CXAI"
154,China,Software - Application,44.05,0,0,30,0,"MMV,AIXI"
